# Starting from 20, size increases by 10 every 2 rows. Columns are time, distortion, stress
1.434866589843295515e-01,3.103320439075343828e-01,4.174025912505773678e-02
6.880182999884709716e-02,3.104737624646356497e-01,4.175514524518774556e-02
9.058982599526643753e-02,7.083061644517352207e-02,2.384367041278566152e-03
9.291169495554640889e-02,7.083254740261109295e-02,2.384520979820390837e-03
2.239936449914239347e-01,9.986439256999565806e-02,4.759866544084462997e-03
1.385113440337590873e-01,9.988376462403353306e-02,4.761714544915513110e-03
