# Starting from 20, size increases by 10 every 2 rows. Columns are time, distortion, stress
1.301975240348838270e-01,3.141690312299511012e-01,4.441776328011649150e-02
3.894978028256446123e-03,3.116926004139006778e-01,4.193964907379636731e-02
8.608258038293570280e-03,7.092394981951270772e-02,2.440950546071242802e-03
9.551821975037455559e-03,7.218530365280391436e-02,2.488826980086259518e-03
1.464772102190181613e-02,1.000727392079194672e-01,4.783760391233606891e-03
2.065741800470277667e-02,9.983062017537536192e-02,5.255483224409358313e-03
